{"Precision@10": 0.2, "MRR@10": 0.2, "mMAP@10": 0.26666666666666666, "mNDCG@10": 0.45560514958746035}